<?xml version="1.0" encoding="UTF-8"?>
<project-private xmlns="http://www.netbeans.org/ns/project-private/1">
    <editor-bookmarks xmlns="http://www.netbeans.org/ns/editor-bookmarks/2" lastBookmarkId="0"/>
    <open-files xmlns="http://www.netbeans.org/ns/projectui-open-files/2">
        <group>
            <file>file:/C:/Users/Lucas/Documents/NetBeansProjects/ProjWebSytemEcommerce%20V2/ProjWebSytemEcommerce%20V2/web/control/exc_parceiros.jsp</file>
            <file>file:/C:/Users/Lucas/Documents/NetBeansProjects/ProjWebSytemEcommerce%20V2/ProjWebSytemEcommerce%20V2/web/control/parceiros.jsp</file>
            <file>file:/C:/Users/Lucas/Documents/NetBeansProjects/ProjWebSytemEcommerce%20V2/ProjWebSytemEcommerce%20V2/web/control/produtos.jsp</file>
            <file>file:/C:/Users/Lucas/Documents/NetBeansProjects/ProjWebSytemEcommerce%20V2/ProjWebSytemEcommerce%20V2/web/control/cupom.jsp</file>
            <file>file:/C:/Users/Lucas/Documents/NetBeansProjects/ProjWebSytemEcommerce%20V2/ProjWebSytemEcommerce%20V2/web/control/exc_prod.jsp</file>
            <file>file:/C:/Users/Lucas/Documents/NetBeansProjects/ProjWebSytemEcommerce%20V2/ProjWebSytemEcommerce%20V2/web/control/exc_cupom.jsp</file>
        </group>
    </open-files>
</project-private>
